{"graph": {"_type": "graph-file", "path": "media/graph/g.r.a.p.h_summary_075d658a.graph.json", "sha256": "075d658aaad1d12331eadd8223a784c7b486c569ee9a3831eba871f4ca48173b", "size": 1994}, "epoch": 99, "loss": 0.018215306103229523, "accuracy": 0.9904534816741943, "precision": 0.9904761910438538, "auc": 0.9998177289962769, "recall": 0.9904761910438538, "val_loss": 0.42882370948791504, "val_accuracy": 0.9238095283508301, "val_precision": 0.9399999976158142, "val_auc": 0.9539186358451843, "val_recall": 0.9038461446762085, "_step": 99, "_runtime": 27, "_timestamp": 1648581850, "best_val_loss": 0.2090395838022232, "best_epoch": 36}