{"graph": {"_type": "graph-file", "path": "media/graph/graph_summary_075d658aaad1d12331ea.graph.json", "sha256": "075d658aaad1d12331eadd8223a784c7b486c569ee9a3831eba871f4ca48173b", "size": 1994}, "epoch": 8, "_timestamp": 1648579609, "_runtime": 14, "loss": 0.5781877636909485, "accuracy": 0.7183771133422852, "precision": 0.6796875, "auc": 0.8169401288032532, "recall": 0.8285714387893677, "val_loss": 0.536719560623169, "val_accuracy": 0.8190476298332214, "val_precision": 0.8367347121238708, "val_auc": 0.9140058755874634, "val_recall": 0.7884615659713745, "_step": 8, "best_val_loss": 0.536719560623169, "best_epoch": 8}