{"graph": {"_type": "graph-file", "path": "media/graph/g.r.a.p.h_summary_075d658a.graph.json", "sha256": "075d658aaad1d12331eadd8223a784c7b486c569ee9a3831eba871f4ca48173b", "size": 1994}, "epoch": 99, "loss": 0.005151719786226749, "accuracy": 1.0, "precision": 1.0, "auc": 1.0, "recall": 1.0, "val_loss": 0.299759179353714, "val_accuracy": 0.9333333373069763, "val_precision": 0.9411764740943909, "val_auc": 0.9731494784355164, "val_recall": 0.9230769276618958, "_step": 99, "_runtime": 32, "_timestamp": 1648579761, "best_val_loss": 0.15823596715927124, "best_epoch": 51}