{"graph": {"_type": "graph-file", "path": "media/graph/g.r.a.p.h_summary_075d658a.graph.json", "sha256": "075d658aaad1d12331eadd8223a784c7b486c569ee9a3831eba871f4ca48173b", "size": 1994}, "epoch": 99, "loss": 0.007171869743615389, "accuracy": 1.0, "precision": 1.0, "auc": 1.0, "recall": 1.0, "val_loss": 0.3552989065647125, "val_accuracy": 0.9333333373069763, "val_precision": 0.9245283007621765, "val_auc": 0.9648040533065796, "val_recall": 0.942307710647583, "_step": 99, "_runtime": 29, "_timestamp": 1648581653, "best_val_loss": 0.184470072388649, "best_epoch": 36}